image_id,file_name,source_id,width,height,n_instances,fold
1,IMG_1.jpg,IMG_1,2048,1152,2,-1
10001,IMG_1_aug1.jpg,IMG_1,2048,1152,2,-1
2,IMG_2.jpg,IMG_2,2048,1152,1,-1
10002,IMG_2_aug1.jpg,IMG_2,2048,1152,1,-1
3,IMG_3.jpg,IMG_3,2048,1152,1,-1
10003,IMG_3_aug1.jpg,IMG_3,2048,1152,1,-1
4,IMG_4.jpg,IMG_4,2048,1152,1,-1
10004,IMG_4_aug1.jpg,IMG_4,2048,1152,1,-1
5,IMG_5.jpg,IMG_5,2048,1152,1,-1
10005,IMG_5_aug1.jpg,IMG_5,2048,1152,1,-1
6,IMG_6.jpg,IMG_6,2048,1152,4,-1
10006,IMG_6_aug1.jpg,IMG_6,2048,1152,4,-1
7,IMG_7.jpg,IMG_7,2048,1152,4,-1
10007,IMG_7_aug1.jpg,IMG_7,2048,1152,4,-1
8,IMG_8.jpg,IMG_8,2048,1152,3,-1
10008,IMG_8_aug1.jpg,IMG_8,2048,1152,3,-1
9,IMG_9.jpg,IMG_9,2048,1152,1,-1
10009,IMG_9_aug1.jpg,IMG_9,2048,1152,1,-1
10,IMG_10.jpg,IMG_10,2048,1152,2,-1
10010,IMG_10_aug1.jpg,IMG_10,2048,1152,2,-1
11,IMG_11.jpg,IMG_11,2048,1152,1,-1
10011,IMG_11_aug1.jpg,IMG_11,2048,1152,1,-1
12,IMG_12.jpg,IMG_12,2048,1152,1,-1
10012,IMG_12_aug1.jpg,IMG_12,2048,1152,1,-1
13,IMG_13.jpg,IMG_13,2048,1152,1,-1
10013,IMG_13_aug1.jpg,IMG_13,2048,1152,1,-1
14,IMG_14.jpg,IMG_14,2048,1152,2,-1
10014,IMG_14_aug1.jpg,IMG_14,2048,1152,2,-1
15,IMG_15.jpg,IMG_15,2048,1152,2,-1
10015,IMG_15_aug1.jpg,IMG_15,2048,1152,2,-1
16,IMG_16.jpg,IMG_16,2048,1152,3,-1
10016,IMG_16_aug1.jpg,IMG_16,2048,1152,3,-1
17,IMG_17.jpg,IMG_17,2048,1152,2,-1
10017,IMG_17_aug1.jpg,IMG_17,2048,1152,2,-1
18,IMG_18.jpg,IMG_18,2048,1152,2,-1
10018,IMG_18_aug1.jpg,IMG_18,2048,1152,2,-1
19,IMG_19.jpg,IMG_19,2048,1152,2,-1
10019,IMG_19_aug1.jpg,IMG_19,2048,1152,2,-1
20,IMG_20.jpg,IMG_20,2048,1152,1,-1
10020,IMG_20_aug1.jpg,IMG_20,2048,1152,1,-1
21,IMG_21.jpg,IMG_21,2048,1152,3,-1
10021,IMG_21_aug1.jpg,IMG_21,2048,1152,3,-1
22,IMG_22.jpg,IMG_22,2048,1152,2,-1
10022,IMG_22_aug1.jpg,IMG_22,2048,1152,2,-1
23,IMG_23.jpg,IMG_23,2048,1152,2,-1
10023,IMG_23_aug1.jpg,IMG_23,2048,1152,2,-1
24,IMG_24.jpg,IMG_24,2048,1152,1,-1
10024,IMG_24_aug1.jpg,IMG_24,2048,1152,1,-1
25,IMG_25.jpg,IMG_25,2048,1152,5,-1
10025,IMG_25_aug1.jpg,IMG_25,2048,1152,5,-1
26,IMG_26.jpg,IMG_26,2048,1152,2,-1
10026,IMG_26_aug1.jpg,IMG_26,2048,1152,2,-1
27,IMG_27.jpg,IMG_27,2048,1152,2,-1
10027,IMG_27_aug1.jpg,IMG_27,2048,1152,2,-1
28,IMG_28.jpg,IMG_28,2048,1152,2,-1
10028,IMG_28_aug1.jpg,IMG_28,2048,1152,2,-1
29,IMG_29.jpg,IMG_29,2048,1152,1,-1
10029,IMG_29_aug1.jpg,IMG_29,2048,1152,1,-1
30,IMG_30.jpg,IMG_30,2048,1152,3,-1
10030,IMG_30_aug1.jpg,IMG_30,2048,1152,3,-1
31,IMG_31.jpg,IMG_31,2048,1152,2,-1
10031,IMG_31_aug1.jpg,IMG_31,2048,1152,2,-1
32,IMG_32.jpg,IMG_32,2048,1152,2,-1
10032,IMG_32_aug1.jpg,IMG_32,2048,1152,2,-1
33,IMG_33.jpg,IMG_33,2048,1152,1,-1
10033,IMG_33_aug1.jpg,IMG_33,2048,1152,1,-1
34,IMG_34.jpg,IMG_34,2048,1152,3,-1
10034,IMG_34_aug1.jpg,IMG_34,2048,1152,3,-1
35,IMG_35.jpg,IMG_35,2048,1152,5,-1
10035,IMG_35_aug1.jpg,IMG_35,2048,1152,5,-1
36,IMG_36.jpg,IMG_36,2048,1152,4,-1
10036,IMG_36_aug1.jpg,IMG_36,2048,1152,4,-1
37,IMG_37.jpg,IMG_37,2048,1152,4,-1
10037,IMG_37_aug1.jpg,IMG_37,2048,1152,4,-1
38,IMG_38.jpg,IMG_38,2048,1152,1,-1
10038,IMG_38_aug1.jpg,IMG_38,2048,1152,1,-1
39,IMG_39.jpg,IMG_39,2048,1152,1,-1
10039,IMG_39_aug1.jpg,IMG_39,2048,1152,1,-1
40,IMG_40.jpg,IMG_40,2048,1152,1,-1
10040,IMG_40_aug1.jpg,IMG_40,2048,1152,1,-1
41,IMG_41.jpg,IMG_41,2048,1152,4,-1
10041,IMG_41_aug1.jpg,IMG_41,2048,1152,4,-1
42,IMG_42.jpg,IMG_42,2048,1152,3,-1
10042,IMG_42_aug1.jpg,IMG_42,2048,1152,3,-1
43,IMG_43.jpg,IMG_43,2048,1152,3,-1
10043,IMG_43_aug1.jpg,IMG_43,2048,1152,3,-1
44,IMG_44.jpg,IMG_44,2048,1152,1,-1
10044,IMG_44_aug1.jpg,IMG_44,2048,1152,1,-1
45,IMG_45.jpg,IMG_45,2048,1152,1,-1
10045,IMG_45_aug1.jpg,IMG_45,2048,1152,1,-1
46,IMG_46.jpg,IMG_46,2048,1152,1,-1
10046,IMG_46_aug1.jpg,IMG_46,2048,1152,1,-1
47,IMG_47.jpg,IMG_47,2048,1152,1,-1
10047,IMG_47_aug1.jpg,IMG_47,2048,1152,1,-1
48,IMG_48.jpg,IMG_48,2048,1152,1,-1
10048,IMG_48_aug1.jpg,IMG_48,2048,1152,1,-1
49,IMG_49.jpg,IMG_49,2048,1152,1,-1
10049,IMG_49_aug1.jpg,IMG_49,2048,1152,1,-1
50,IMG_50.jpg,IMG_50,2048,1152,1,-1
10050,IMG_50_aug1.jpg,IMG_50,2048,1152,1,-1
51,IMG_51.jpg,IMG_51,2048,1152,1,-1
10051,IMG_51_aug1.jpg,IMG_51,2048,1152,1,-1
52,IMG_52.jpg,IMG_52,2048,1152,4,-1
10052,IMG_52_aug1.jpg,IMG_52,2048,1152,4,-1
53,IMG_53.jpg,IMG_53,2048,1152,1,-1
10053,IMG_53_aug1.jpg,IMG_53,2048,1152,1,-1
54,IMG_54.jpg,IMG_54,2048,1152,3,-1
10054,IMG_54_aug1.jpg,IMG_54,2048,1152,3,-1
55,IMG_55.jpg,IMG_55,2048,1152,1,-1
10055,IMG_55_aug1.jpg,IMG_55,2048,1152,1,-1
56,IMG_56.jpg,IMG_56,2048,1152,1,-1
10056,IMG_56_aug1.jpg,IMG_56,2048,1152,1,-1
57,IMG_57.jpg,IMG_57,2048,1152,1,-1
10057,IMG_57_aug1.jpg,IMG_57,2048,1152,1,-1
58,IMG_58.jpg,IMG_58,2048,1152,1,-1
10058,IMG_58_aug1.jpg,IMG_58,2048,1152,1,-1
59,IMG_59.jpg,IMG_59,2048,1152,4,-1
10059,IMG_59_aug1.jpg,IMG_59,2048,1152,4,-1
60,IMG_60.jpg,IMG_60,2048,1152,4,-1
10060,IMG_60_aug1.jpg,IMG_60,2048,1152,4,-1
61,IMG_61.jpg,IMG_61,2048,1152,4,-1
10061,IMG_61_aug1.jpg,IMG_61,2048,1152,4,-1
62,IMG_62.jpg,IMG_62,2048,1152,2,-1
10062,IMG_62_aug1.jpg,IMG_62,2048,1152,2,-1
63,IMG_63.jpg,IMG_63,2048,1152,1,-1
10063,IMG_63_aug1.jpg,IMG_63,2048,1152,1,-1
64,IMG_64.jpg,IMG_64,2048,1152,1,-1
10064,IMG_64_aug1.jpg,IMG_64,2048,1152,1,-1
65,IMG_65.jpg,IMG_65,2048,1152,1,-1
10065,IMG_65_aug1.jpg,IMG_65,2048,1152,1,-1
66,IMG_66.jpg,IMG_66,2048,1152,1,-1
10066,IMG_66_aug1.jpg,IMG_66,2048,1152,1,-1
67,IMG_67.jpg,IMG_67,2048,1152,1,-1
10067,IMG_67_aug1.jpg,IMG_67,2048,1152,1,-1
68,IMG_68.jpg,IMG_68,2048,1152,1,-1
10068,IMG_68_aug1.jpg,IMG_68,2048,1152,1,-1
69,IMG_69.jpg,IMG_69,2048,1152,2,-1
10069,IMG_69_aug1.jpg,IMG_69,2048,1152,2,-1
70,IMG_70.jpg,IMG_70,2048,1152,2,-1
10070,IMG_70_aug1.jpg,IMG_70,2048,1152,2,-1
71,IMG_71.jpg,IMG_71,2048,1152,2,-1
10071,IMG_71_aug1.jpg,IMG_71,2048,1152,2,-1
72,IMG_72.jpg,IMG_72,2048,1152,2,-1
10072,IMG_72_aug1.jpg,IMG_72,2048,1152,2,-1
73,IMG_73.jpg,IMG_73,2048,1152,2,-1
10073,IMG_73_aug1.jpg,IMG_73,2048,1152,2,-1
74,IMG_74.jpg,IMG_74,2048,1152,2,-1
10074,IMG_74_aug1.jpg,IMG_74,2048,1152,2,-1
75,IMG_75.jpg,IMG_75,2048,1152,2,-1
10075,IMG_75_aug1.jpg,IMG_75,2048,1152,2,-1
76,IMG_76.jpg,IMG_76,2048,1152,1,-1
10076,IMG_76_aug1.jpg,IMG_76,2048,1152,1,-1
77,IMG_77.jpg,IMG_77,2048,1152,1,-1
10077,IMG_77_aug1.jpg,IMG_77,2048,1152,1,-1
78,IMG_78.jpg,IMG_78,2048,1152,2,-1
10078,IMG_78_aug1.jpg,IMG_78,2048,1152,2,-1
79,IMG_79.jpg,IMG_79,2048,1152,2,-1
10079,IMG_79_aug1.jpg,IMG_79,2048,1152,2,-1
80,IMG_80.jpg,IMG_80,2048,1152,3,-1
10080,IMG_80_aug1.jpg,IMG_80,2048,1152,3,-1
81,IMG_81.jpg,IMG_81,2048,1152,3,-1
10081,IMG_81_aug1.jpg,IMG_81,2048,1152,3,-1
82,IMG_82.jpg,IMG_82,2048,1152,3,-1
10082,IMG_82_aug1.jpg,IMG_82,2048,1152,3,-1
83,IMG_83.jpg,IMG_83,2048,1152,2,-1
10083,IMG_83_aug1.jpg,IMG_83,2048,1152,2,-1
84,IMG_84.jpg,IMG_84,2048,1152,2,-1
10084,IMG_84_aug1.jpg,IMG_84,2048,1152,2,-1
85,IMG_85.jpg,IMG_85,2048,1152,1,-1
10085,IMG_85_aug1.jpg,IMG_85,2048,1152,1,-1
86,IMG_86.jpg,IMG_86,2048,1152,1,-1
10086,IMG_86_aug1.jpg,IMG_86,2048,1152,1,-1
87,IMG_87.jpg,IMG_87,2048,1152,1,-1
10087,IMG_87_aug1.jpg,IMG_87,2048,1152,1,-1
88,IMG_88.jpg,IMG_88,2048,1152,2,-1
10088,IMG_88_aug1.jpg,IMG_88,2048,1152,2,-1
89,IMG_89.jpg,IMG_89,2048,1152,3,-1
10089,IMG_89_aug1.jpg,IMG_89,2048,1152,3,-1
90,IMG_90.jpg,IMG_90,2048,1152,2,-1
10090,IMG_90_aug1.jpg,IMG_90,2048,1152,2,-1
91,IMG_91.jpg,IMG_91,2048,1152,2,-1
10091,IMG_91_aug1.jpg,IMG_91,2048,1152,2,-1
92,IMG_92.jpg,IMG_92,2048,1152,2,-1
10092,IMG_92_aug1.jpg,IMG_92,2048,1152,2,-1
93,IMG_93.jpg,IMG_93,2048,1152,2,-1
10093,IMG_93_aug1.jpg,IMG_93,2048,1152,2,-1
94,IMG_94.jpg,IMG_94,2048,1152,4,-1
10094,IMG_94_aug1.jpg,IMG_94,2048,1152,4,-1
95,IMG_95.jpg,IMG_95,2048,1152,1,-1
10095,IMG_95_aug1.jpg,IMG_95,2048,1152,1,-1
96,IMG_96.jpg,IMG_96,2048,1152,3,-1
10096,IMG_96_aug1.jpg,IMG_96,2048,1152,3,-1
97,IMG_97.jpg,IMG_97,2048,1152,3,-1
10097,IMG_97_aug1.jpg,IMG_97,2048,1152,3,-1
98,IMG_98.jpg,IMG_98,2048,1152,2,-1
10098,IMG_98_aug1.jpg,IMG_98,2048,1152,2,-1
99,IMG_99.jpg,IMG_99,2048,1152,1,-1
10099,IMG_99_aug1.jpg,IMG_99,2048,1152,1,-1
100,IMG_100.jpg,IMG_100,2048,1152,2,-1
10100,IMG_100_aug1.jpg,IMG_100,2048,1152,2,-1
101,IMG_101.jpg,IMG_101,2048,1152,2,-1
10101,IMG_101_aug1.jpg,IMG_101,2048,1152,2,-1
102,IMG_102.jpg,IMG_102,2048,1152,2,-1
10102,IMG_102_aug1.jpg,IMG_102,2048,1152,2,-1
103,IMG_103.jpg,IMG_103,2048,1152,2,-1
10103,IMG_103_aug1.jpg,IMG_103,2048,1152,2,-1
104,IMG_104.jpg,IMG_104,2048,1152,2,-1
10104,IMG_104_aug1.jpg,IMG_104,2048,1152,2,-1
105,IMG_105.jpg,IMG_105,2048,1152,4,-1
10105,IMG_105_aug1.jpg,IMG_105,2048,1152,4,-1
106,IMG_106.jpg,IMG_106,2048,1152,4,-1
10106,IMG_106_aug1.jpg,IMG_106,2048,1152,4,-1
107,IMG_107.jpg,IMG_107,2048,1152,3,-1
10107,IMG_107_aug1.jpg,IMG_107,2048,1152,3,-1
108,IMG_108.jpg,IMG_108,2048,1152,3,-1
10108,IMG_108_aug1.jpg,IMG_108,2048,1152,3,-1
109,IMG_109.jpg,IMG_109,2048,1152,3,-1
10109,IMG_109_aug1.jpg,IMG_109,2048,1152,3,-1
110,IMG_110.jpg,IMG_110,2048,1152,2,-1
10110,IMG_110_aug1.jpg,IMG_110,2048,1152,2,-1
111,IMG_111.jpg,IMG_111,2048,1152,1,-1
10111,IMG_111_aug1.jpg,IMG_111,2048,1152,1,-1
112,IMG_112.jpg,IMG_112,2048,1152,1,-1
10112,IMG_112_aug1.jpg,IMG_112,2048,1152,1,-1
113,IMG_113.jpg,IMG_113,2048,1152,2,-1
10113,IMG_113_aug1.jpg,IMG_113,2048,1152,2,-1
114,IMG_114.jpg,IMG_114,2048,1152,2,-1
10114,IMG_114_aug1.jpg,IMG_114,2048,1152,2,-1
115,IMG_115.jpg,IMG_115,2048,1152,2,-1
10115,IMG_115_aug1.jpg,IMG_115,2048,1152,2,-1
116,IMG_116.jpg,IMG_116,2048,1152,1,-1
10116,IMG_116_aug1.jpg,IMG_116,2048,1152,1,-1
117,IMG_117.jpg,IMG_117,2048,1152,2,-1
10117,IMG_117_aug1.jpg,IMG_117,2048,1152,2,-1
118,IMG_118.jpg,IMG_118,2048,1152,2,-1
10118,IMG_118_aug1.jpg,IMG_118,2048,1152,2,-1
119,IMG_119.jpg,IMG_119,2048,1152,2,-1
10119,IMG_119_aug1.jpg,IMG_119,2048,1152,2,-1
120,IMG_120.jpg,IMG_120,2048,1152,3,-1
10120,IMG_120_aug1.jpg,IMG_120,2048,1152,3,-1
121,IMG_121.jpg,IMG_121,2048,1152,1,-1
10121,IMG_121_aug1.jpg,IMG_121,2048,1152,1,-1
122,IMG_122.jpg,IMG_122,2048,1152,3,-1
10122,IMG_122_aug1.jpg,IMG_122,2048,1152,3,-1
123,IMG_123.jpg,IMG_123,2048,1152,3,-1
10123,IMG_123_aug1.jpg,IMG_123,2048,1152,3,-1
124,IMG_124.jpg,IMG_124,2048,1152,3,-1
10124,IMG_124_aug1.jpg,IMG_124,2048,1152,3,-1
125,IMG_125.jpg,IMG_125,2048,1152,2,-1
10125,IMG_125_aug1.jpg,IMG_125,2048,1152,2,-1
126,IMG_126.jpg,IMG_126,2048,1152,2,-1
10126,IMG_126_aug1.jpg,IMG_126,2048,1152,2,-1
127,IMG_127.jpg,IMG_127,2048,1152,5,-1
10127,IMG_127_aug1.jpg,IMG_127,2048,1152,5,-1
128,IMG_128.jpg,IMG_128,2048,1152,4,-1
10128,IMG_128_aug1.jpg,IMG_128,2048,1152,4,-1
129,IMG_129.jpg,IMG_129,2048,1152,3,-1
10129,IMG_129_aug1.jpg,IMG_129,2048,1152,3,-1
130,IMG_130.jpg,IMG_130,2048,1152,3,-1
10130,IMG_130_aug1.jpg,IMG_130,2048,1152,3,-1
131,IMG_131.jpg,IMG_131,2048,1152,4,-1
10131,IMG_131_aug1.jpg,IMG_131,2048,1152,4,-1
132,IMG_132.jpg,IMG_132,2048,1152,4,-1
10132,IMG_132_aug1.jpg,IMG_132,2048,1152,4,-1
133,IMG_133.jpg,IMG_133,2048,1152,2,-1
10133,IMG_133_aug1.jpg,IMG_133,2048,1152,2,-1
134,IMG_134.jpg,IMG_134,2048,1152,3,-1
10134,IMG_134_aug1.jpg,IMG_134,2048,1152,3,-1
135,IMG_135.jpg,IMG_135,2048,1152,1,-1
10135,IMG_135_aug1.jpg,IMG_135,2048,1152,1,-1
136,IMG_136.jpg,IMG_136,2048,1152,2,-1
10136,IMG_136_aug1.jpg,IMG_136,2048,1152,2,-1
137,IMG_137.jpg,IMG_137,2048,1152,4,-1
10137,IMG_137_aug1.jpg,IMG_137,2048,1152,4,-1
138,IMG_138.jpg,IMG_138,2048,1152,3,-1
10138,IMG_138_aug1.jpg,IMG_138,2048,1152,3,-1
139,IMG_139.jpg,IMG_139,2048,1152,3,-1
10139,IMG_139_aug1.jpg,IMG_139,2048,1152,3,-1
140,IMG_140.jpg,IMG_140,2048,1152,2,-1
10140,IMG_140_aug1.jpg,IMG_140,2048,1152,2,-1
141,IMG_141.jpg,IMG_141,2048,1152,2,-1
10141,IMG_141_aug1.jpg,IMG_141,2048,1152,2,-1
142,IMG_142.jpg,IMG_142,2048,1152,5,-1
10142,IMG_142_aug1.jpg,IMG_142,2048,1152,5,-1
143,IMG_143.jpg,IMG_143,2048,1152,2,-1
10143,IMG_143_aug1.jpg,IMG_143,2048,1152,2,-1
144,IMG_144.jpg,IMG_144,2048,1152,4,-1
10144,IMG_144_aug1.jpg,IMG_144,2048,1152,4,-1
145,IMG_145.jpg,IMG_145,2048,1152,3,-1
10145,IMG_145_aug1.jpg,IMG_145,2048,1152,3,-1
146,IMG_146.jpg,IMG_146,2048,1152,4,-1
10146,IMG_146_aug1.jpg,IMG_146,2048,1152,4,-1
147,IMG_147.jpg,IMG_147,2048,1152,4,-1
10147,IMG_147_aug1.jpg,IMG_147,2048,1152,4,-1
148,IMG_148.jpg,IMG_148,2048,1152,1,-1
10148,IMG_148_aug1.jpg,IMG_148,2048,1152,1,-1
149,IMG_149.jpg,IMG_149,2048,1152,2,-1
10149,IMG_149_aug1.jpg,IMG_149,2048,1152,2,-1
150,IMG_150.jpg,IMG_150,2048,1152,2,-1
10150,IMG_150_aug1.jpg,IMG_150,2048,1152,2,-1
151,IMG_151.jpg,IMG_151,2048,1152,3,-1
10151,IMG_151_aug1.jpg,IMG_151,2048,1152,3,-1
152,IMG_152.jpg,IMG_152,2048,1152,3,-1
10152,IMG_152_aug1.jpg,IMG_152,2048,1152,3,-1
153,IMG_153.jpg,IMG_153,2048,1152,3,-1
10153,IMG_153_aug1.jpg,IMG_153,2048,1152,3,-1
154,IMG_154.jpg,IMG_154,2048,1152,1,-1
10154,IMG_154_aug1.jpg,IMG_154,2048,1152,1,-1
155,IMG_155.jpg,IMG_155,2048,1152,1,-1
10155,IMG_155_aug1.jpg,IMG_155,2048,1152,1,-1
156,IMG_156.jpg,IMG_156,2048,1152,3,-1
10156,IMG_156_aug1.jpg,IMG_156,2048,1152,3,-1
157,IMG_157.jpg,IMG_157,2048,1152,3,-1
10157,IMG_157_aug1.jpg,IMG_157,2048,1152,3,-1
158,IMG_158.jpg,IMG_158,2048,1152,3,-1
10158,IMG_158_aug1.jpg,IMG_158,2048,1152,3,-1
159,IMG_159.jpg,IMG_159,2048,1152,6,-1
10159,IMG_159_aug1.jpg,IMG_159,2048,1152,6,-1
160,IMG_160.jpg,IMG_160,2048,1152,5,-1
10160,IMG_160_aug1.jpg,IMG_160,2048,1152,5,-1
161,IMG_161.jpg,IMG_161,2048,1152,4,-1
10161,IMG_161_aug1.jpg,IMG_161,2048,1152,4,-1
162,IMG_162.jpg,IMG_162,2048,1152,3,-1
10162,IMG_162_aug1.jpg,IMG_162,2048,1152,3,-1
163,IMG_163.jpg,IMG_163,2048,1152,5,-1
10163,IMG_163_aug1.jpg,IMG_163,2048,1152,5,-1
164,IMG_164.jpg,IMG_164,2048,1152,5,-1
10164,IMG_164_aug1.jpg,IMG_164,2048,1152,5,-1
165,IMG_165.jpg,IMG_165,2048,1152,3,-1
10165,IMG_165_aug1.jpg,IMG_165,2048,1152,3,-1
166,IMG_166.jpg,IMG_166,2048,1152,1,-1
10166,IMG_166_aug1.jpg,IMG_166,2048,1152,1,-1
167,IMG_167.jpg,IMG_167,2048,1152,1,-1
10167,IMG_167_aug1.jpg,IMG_167,2048,1152,1,-1
168,IMG_168.jpg,IMG_168,2048,1152,7,-1
10168,IMG_168_aug1.jpg,IMG_168,2048,1152,7,-1
169,IMG_169.jpg,IMG_169,2048,1152,7,-1
10169,IMG_169_aug1.jpg,IMG_169,2048,1152,7,-1
170,IMG_170.jpg,IMG_170,2048,1152,5,-1
10170,IMG_170_aug1.jpg,IMG_170,2048,1152,5,-1
171,IMG_171.jpg,IMG_171,2048,1152,6,-1
10171,IMG_171_aug1.jpg,IMG_171,2048,1152,6,-1
172,IMG_172.jpg,IMG_172,2048,1152,2,-1
10172,IMG_172_aug1.jpg,IMG_172,2048,1152,2,-1
173,IMG_173.jpg,IMG_173,2048,1152,3,-1
10173,IMG_173_aug1.jpg,IMG_173,2048,1152,3,-1
174,IMG_174.jpg,IMG_174,2048,1152,2,-1
10174,IMG_174_aug1.jpg,IMG_174,2048,1152,2,-1
175,IMG_175.jpg,IMG_175,2048,1152,2,-1
10175,IMG_175_aug1.jpg,IMG_175,2048,1152,2,-1
176,IMG_176.jpg,IMG_176,2048,1152,2,-1
10176,IMG_176_aug1.jpg,IMG_176,2048,1152,2,-1
177,IMG_177.jpg,IMG_177,2048,1152,3,-1
10177,IMG_177_aug1.jpg,IMG_177,2048,1152,3,-1
178,IMG_178.jpg,IMG_178,2048,1152,2,-1
10178,IMG_178_aug1.jpg,IMG_178,2048,1152,2,-1
179,IMG_179.jpg,IMG_179,2048,1152,4,-1
10179,IMG_179_aug1.jpg,IMG_179,2048,1152,4,-1
180,IMG_180.jpg,IMG_180,2048,1152,2,-1
10180,IMG_180_aug1.jpg,IMG_180,2048,1152,2,-1
181,IMG_181.jpg,IMG_181,2048,1152,2,-1
10181,IMG_181_aug1.jpg,IMG_181,2048,1152,2,-1
182,IMG_182.jpg,IMG_182,2048,1152,1,-1
10182,IMG_182_aug1.jpg,IMG_182,2048,1152,1,-1
183,IMG_183.jpg,IMG_183,2048,1152,1,-1
10183,IMG_183_aug1.jpg,IMG_183,2048,1152,1,-1
184,IMG_184.jpg,IMG_184,2048,1152,1,-1
10184,IMG_184_aug1.jpg,IMG_184,2048,1152,1,-1
185,IMG_185.jpg,IMG_185,2048,1152,1,-1
10185,IMG_185_aug1.jpg,IMG_185,2048,1152,1,-1
186,IMG_186.jpg,IMG_186,2048,1152,1,-1
10186,IMG_186_aug1.jpg,IMG_186,2048,1152,1,-1
187,IMG_187.jpg,IMG_187,2048,1152,1,-1
10187,IMG_187_aug1.jpg,IMG_187,2048,1152,1,-1
188,IMG_188.jpg,IMG_188,2048,1152,1,-1
10188,IMG_188_aug1.jpg,IMG_188,2048,1152,1,-1
189,IMG_189.jpg,IMG_189,2048,1152,3,-1
10189,IMG_189_aug1.jpg,IMG_189,2048,1152,3,-1
190,IMG_190.jpg,IMG_190,2048,1152,3,-1
10190,IMG_190_aug1.jpg,IMG_190,2048,1152,3,-1
191,IMG_191.jpg,IMG_191,2048,1152,3,-1
10191,IMG_191_aug1.jpg,IMG_191,2048,1152,3,-1
192,IMG_192.jpg,IMG_192,2048,1152,2,-1
10192,IMG_192_aug1.jpg,IMG_192,2048,1152,2,-1
193,IMG_193.jpg,IMG_193,2048,1152,2,-1
10193,IMG_193_aug1.jpg,IMG_193,2048,1152,2,-1
194,IMG_194.jpg,IMG_194,2048,1152,3,-1
10194,IMG_194_aug1.jpg,IMG_194,2048,1152,3,-1
195,IMG_195.jpg,IMG_195,2048,1152,3,-1
10195,IMG_195_aug1.jpg,IMG_195,2048,1152,3,-1
196,IMG_196.jpg,IMG_196,2048,1152,1,-1
10196,IMG_196_aug1.jpg,IMG_196,2048,1152,1,-1
197,IMG_197.jpg,IMG_197,2048,1152,1,-1
10197,IMG_197_aug1.jpg,IMG_197,2048,1152,1,-1
198,IMG_198.jpg,IMG_198,2048,1152,1,-1
10198,IMG_198_aug1.jpg,IMG_198,2048,1152,1,-1
199,IMG_199.jpg,IMG_199,2048,1152,1,-1
10199,IMG_199_aug1.jpg,IMG_199,2048,1152,1,-1
200,IMG_200.jpg,IMG_200,2048,1152,2,-1
10200,IMG_200_aug1.jpg,IMG_200,2048,1152,2,-1
201,IMG_201.jpg,IMG_201,2048,1152,3,-1
10201,IMG_201_aug1.jpg,IMG_201,2048,1152,3,-1
202,IMG_202.jpg,IMG_202,2048,1152,3,-1
10202,IMG_202_aug1.jpg,IMG_202,2048,1152,3,-1
203,IMG_203.jpg,IMG_203,2048,1152,2,-1
10203,IMG_203_aug1.jpg,IMG_203,2048,1152,2,-1
204,IMG_204.jpg,IMG_204,2048,1152,1,-1
10204,IMG_204_aug1.jpg,IMG_204,2048,1152,1,-1
205,IMG_205.jpg,IMG_205,2048,1152,4,-1
10205,IMG_205_aug1.jpg,IMG_205,2048,1152,4,-1
206,IMG_206.jpg,IMG_206,2048,1152,3,-1
10206,IMG_206_aug1.jpg,IMG_206,2048,1152,3,-1
207,IMG_207.jpg,IMG_207,2048,1152,1,-1
10207,IMG_207_aug1.jpg,IMG_207,2048,1152,1,-1
208,IMG_208.jpg,IMG_208,2048,1152,2,-1
10208,IMG_208_aug1.jpg,IMG_208,2048,1152,2,-1
209,IMG_209.jpg,IMG_209,2048,1152,3,-1
10209,IMG_209_aug1.jpg,IMG_209,2048,1152,3,-1
210,IMG_210.jpg,IMG_210,2048,1152,2,-1
10210,IMG_210_aug1.jpg,IMG_210,2048,1152,2,-1
211,IMG_211.jpg,IMG_211,2048,1152,2,-1
10211,IMG_211_aug1.jpg,IMG_211,2048,1152,2,-1
212,IMG_212.jpg,IMG_212,2048,1152,3,-1
10212,IMG_212_aug1.jpg,IMG_212,2048,1152,3,-1
213,IMG_213.jpg,IMG_213,2048,1152,3,-1
10213,IMG_213_aug1.jpg,IMG_213,2048,1152,3,-1
214,IMG_214.jpg,IMG_214,2048,1152,3,-1
10214,IMG_214_aug1.jpg,IMG_214,2048,1152,3,-1
215,IMG_215.jpg,IMG_215,2048,1152,3,-1
10215,IMG_215_aug1.jpg,IMG_215,2048,1152,3,-1
216,IMG_216.jpg,IMG_216,2048,1152,3,-1
10216,IMG_216_aug1.jpg,IMG_216,2048,1152,3,-1
217,IMG_217.jpg,IMG_217,2048,1152,4,-1
10217,IMG_217_aug1.jpg,IMG_217,2048,1152,4,-1
218,IMG_218.jpg,IMG_218,2048,1152,3,-1
10218,IMG_218_aug1.jpg,IMG_218,2048,1152,3,-1
219,IMG_219.jpg,IMG_219,2048,1152,3,-1
10219,IMG_219_aug1.jpg,IMG_219,2048,1152,3,-1
220,IMG_220.jpg,IMG_220,2048,1152,3,-1
10220,IMG_220_aug1.jpg,IMG_220,2048,1152,3,-1
221,IMG_221.jpg,IMG_221,2048,1152,3,-1
10221,IMG_221_aug1.jpg,IMG_221,2048,1152,3,-1
222,IMG_222.jpg,IMG_222,2048,1152,3,-1
10222,IMG_222_aug1.jpg,IMG_222,2048,1152,3,-1
223,IMG_223.jpg,IMG_223,2048,1152,4,-1
10223,IMG_223_aug1.jpg,IMG_223,2048,1152,4,-1
224,IMG_224.jpg,IMG_224,2048,1152,2,-1
10224,IMG_224_aug1.jpg,IMG_224,2048,1152,2,-1
225,IMG_225.jpg,IMG_225,2048,1152,4,-1
10225,IMG_225_aug1.jpg,IMG_225,2048,1152,4,-1
226,IMG_226.jpg,IMG_226,2048,1152,1,-1
10226,IMG_226_aug1.jpg,IMG_226,2048,1152,1,-1
227,IMG_227.jpg,IMG_227,2048,1152,1,-1
10227,IMG_227_aug1.jpg,IMG_227,2048,1152,1,-1
228,IMG_228.jpg,IMG_228,2048,1152,1,-1
10228,IMG_228_aug1.jpg,IMG_228,2048,1152,1,-1
229,IMG_229.jpg,IMG_229,2048,1152,2,-1
10229,IMG_229_aug1.jpg,IMG_229,2048,1152,2,-1
230,IMG_230.jpg,IMG_230,2048,1152,2,-1
10230,IMG_230_aug1.jpg,IMG_230,2048,1152,2,-1
231,IMG_231.jpg,IMG_231,2048,1152,1,-1
10231,IMG_231_aug1.jpg,IMG_231,2048,1152,1,-1
232,IMG_232.jpg,IMG_232,2048,1152,1,-1
10232,IMG_232_aug1.jpg,IMG_232,2048,1152,1,-1
233,IMG_233.jpg,IMG_233,2048,1152,1,-1
10233,IMG_233_aug1.jpg,IMG_233,2048,1152,1,-1
234,IMG_234.jpg,IMG_234,2048,1152,1,-1
10234,IMG_234_aug1.jpg,IMG_234,2048,1152,1,-1
235,IMG_235.jpg,IMG_235,2048,1152,1,-1
10235,IMG_235_aug1.jpg,IMG_235,2048,1152,1,-1
236,IMG_236.jpg,IMG_236,2048,1152,3,-1
10236,IMG_236_aug1.jpg,IMG_236,2048,1152,3,-1
237,IMG_237.jpg,IMG_237,2048,1152,4,-1
10237,IMG_237_aug1.jpg,IMG_237,2048,1152,4,-1
238,IMG_238.jpg,IMG_238,2048,1152,4,-1
10238,IMG_238_aug1.jpg,IMG_238,2048,1152,4,-1
239,IMG_239.jpg,IMG_239,2048,1152,2,-1
10239,IMG_239_aug1.jpg,IMG_239,2048,1152,2,-1
240,IMG_240.jpg,IMG_240,2048,1152,1,-1
10240,IMG_240_aug1.jpg,IMG_240,2048,1152,1,-1
241,IMG_241.jpg,IMG_241,2048,1152,4,-1
10241,IMG_241_aug1.jpg,IMG_241,2048,1152,4,-1
242,IMG_242.jpg,IMG_242,2048,1152,4,-1
10242,IMG_242_aug1.jpg,IMG_242,2048,1152,4,-1
243,IMG_243.jpg,IMG_243,2048,1152,2,-1
10243,IMG_243_aug1.jpg,IMG_243,2048,1152,2,-1
244,IMG_244.jpg,IMG_244,2048,1152,2,-1
10244,IMG_244_aug1.jpg,IMG_244,2048,1152,2,-1
245,IMG_245.jpg,IMG_245,2048,1152,2,-1
10245,IMG_245_aug1.jpg,IMG_245,2048,1152,2,-1
246,IMG_246.jpg,IMG_246,2048,1152,2,-1
10246,IMG_246_aug1.jpg,IMG_246,2048,1152,2,-1
247,IMG_247.jpg,IMG_247,2048,1152,2,-1
10247,IMG_247_aug1.jpg,IMG_247,2048,1152,2,-1
248,IMG_248.jpg,IMG_248,2048,1152,2,-1
10248,IMG_248_aug1.jpg,IMG_248,2048,1152,2,-1
249,IMG_249.jpg,IMG_249,2048,1152,2,-1
10249,IMG_249_aug1.jpg,IMG_249,2048,1152,2,-1
250,IMG_250.jpg,IMG_250,2048,1152,2,-1
10250,IMG_250_aug1.jpg,IMG_250,2048,1152,2,-1
251,IMG_251.jpg,IMG_251,2048,1152,2,-1
10251,IMG_251_aug1.jpg,IMG_251,2048,1152,2,-1
252,IMG_252.jpg,IMG_252,2048,1152,4,-1
10252,IMG_252_aug1.jpg,IMG_252,2048,1152,4,-1
253,IMG_253.jpg,IMG_253,2048,1152,2,-1
10253,IMG_253_aug1.jpg,IMG_253,2048,1152,2,-1
254,IMG_254.jpg,IMG_254,2048,1152,1,-1
10254,IMG_254_aug1.jpg,IMG_254,2048,1152,1,-1
255,IMG_255.jpg,IMG_255,2048,1152,4,-1
10255,IMG_255_aug1.jpg,IMG_255,2048,1152,4,-1
256,IMG_256.jpg,IMG_256,2048,1152,4,-1
10256,IMG_256_aug1.jpg,IMG_256,2048,1152,4,-1
257,IMG_257.jpg,IMG_257,2048,1152,1,-1
10257,IMG_257_aug1.jpg,IMG_257,2048,1152,1,-1
258,IMG_258.jpg,IMG_258,2048,1152,2,-1
10258,IMG_258_aug1.jpg,IMG_258,2048,1152,2,-1
259,IMG_259.jpg,IMG_259,2048,1152,2,-1
10259,IMG_259_aug1.jpg,IMG_259,2048,1152,2,-1
260,IMG_260.jpg,IMG_260,2048,1152,2,-1
10260,IMG_260_aug1.jpg,IMG_260,2048,1152,2,-1
261,IMG_261.jpg,IMG_261,2048,1152,2,-1
10261,IMG_261_aug1.jpg,IMG_261,2048,1152,2,-1
262,IMG_262.jpg,IMG_262,2048,1152,2,-1
10262,IMG_262_aug1.jpg,IMG_262,2048,1152,2,-1
263,IMG_263.jpg,IMG_263,2048,1152,2,-1
10263,IMG_263_aug1.jpg,IMG_263,2048,1152,2,-1
264,IMG_264.jpg,IMG_264,2048,1152,2,-1
10264,IMG_264_aug1.jpg,IMG_264,2048,1152,2,-1
265,IMG_265.jpg,IMG_265,2048,1152,3,-1
10265,IMG_265_aug1.jpg,IMG_265,2048,1152,3,-1
266,IMG_266.jpg,IMG_266,2048,1152,3,-1
10266,IMG_266_aug1.jpg,IMG_266,2048,1152,3,-1
267,IMG_267.jpg,IMG_267,2048,1152,3,-1
10267,IMG_267_aug1.jpg,IMG_267,2048,1152,3,-1
268,IMG_268.jpg,IMG_268,2048,1152,2,-1
10268,IMG_268_aug1.jpg,IMG_268,2048,1152,2,-1
269,IMG_269.jpg,IMG_269,2048,1152,3,-1
10269,IMG_269_aug1.jpg,IMG_269,2048,1152,3,-1
270,IMG_270.jpg,IMG_270,2048,1152,3,-1
10270,IMG_270_aug1.jpg,IMG_270,2048,1152,3,-1
271,IMG_271.jpg,IMG_271,2048,1152,3,-1
10271,IMG_271_aug1.jpg,IMG_271,2048,1152,3,-1
272,IMG_272.jpg,IMG_272,2048,1152,2,-1
10272,IMG_272_aug1.jpg,IMG_272,2048,1152,2,-1
273,IMG_273.jpg,IMG_273,2048,1152,2,-1
10273,IMG_273_aug1.jpg,IMG_273,2048,1152,2,-1
274,IMG_274.jpg,IMG_274,2048,1152,2,-1
10274,IMG_274_aug1.jpg,IMG_274,2048,1152,2,-1
275,IMG_275.jpg,IMG_275,2048,1152,1,-1
10275,IMG_275_aug1.jpg,IMG_275,2048,1152,1,-1
276,IMG_276.jpg,IMG_276,2048,1152,2,-1
10276,IMG_276_aug1.jpg,IMG_276,2048,1152,2,-1
277,IMG_277.jpg,IMG_277,2048,1152,2,-1
10277,IMG_277_aug1.jpg,IMG_277,2048,1152,2,-1
278,IMG_278.jpg,IMG_278,2048,1152,3,-1
10278,IMG_278_aug1.jpg,IMG_278,2048,1152,3,-1
279,IMG_279.jpg,IMG_279,2048,1152,1,-1
10279,IMG_279_aug1.jpg,IMG_279,2048,1152,1,-1
280,IMG_280.jpg,IMG_280,2048,1152,2,-1
10280,IMG_280_aug1.jpg,IMG_280,2048,1152,2,-1
281,IMG_281.jpg,IMG_281,2048,1152,1,-1
10281,IMG_281_aug1.jpg,IMG_281,2048,1152,1,-1
282,IMG_282.jpg,IMG_282,2048,1152,4,-1
10282,IMG_282_aug1.jpg,IMG_282,2048,1152,4,-1
283,IMG_283.jpg,IMG_283,2048,1152,4,-1
10283,IMG_283_aug1.jpg,IMG_283,2048,1152,4,-1
284,IMG_284.jpg,IMG_284,2048,1152,4,-1
10284,IMG_284_aug1.jpg,IMG_284,2048,1152,4,-1
285,IMG_285.jpg,IMG_285,2048,1152,3,-1
10285,IMG_285_aug1.jpg,IMG_285,2048,1152,3,-1
286,IMG_286.jpg,IMG_286,2048,1152,3,-1
10286,IMG_286_aug1.jpg,IMG_286,2048,1152,3,-1
287,IMG_287.jpg,IMG_287,2048,1152,3,-1
10287,IMG_287_aug1.jpg,IMG_287,2048,1152,3,-1
288,IMG_288.jpg,IMG_288,2048,1152,2,-1
10288,IMG_288_aug1.jpg,IMG_288,2048,1152,2,-1
289,IMG_289.jpg,IMG_289,2048,1152,2,-1
10289,IMG_289_aug1.jpg,IMG_289,2048,1152,2,-1
290,IMG_290.jpg,IMG_290,2048,1152,1,-1
10290,IMG_290_aug1.jpg,IMG_290,2048,1152,1,-1
291,IMG_291.jpg,IMG_291,2048,1152,1,-1
10291,IMG_291_aug1.jpg,IMG_291,2048,1152,1,-1
292,IMG_292.jpg,IMG_292,2048,1152,2,-1
10292,IMG_292_aug1.jpg,IMG_292,2048,1152,2,-1
293,IMG_293.jpg,IMG_293,2048,1152,2,-1
10293,IMG_293_aug1.jpg,IMG_293,2048,1152,2,-1
294,IMG_294.jpg,IMG_294,2048,1152,1,-1
10294,IMG_294_aug1.jpg,IMG_294,2048,1152,1,-1
295,IMG_295.jpg,IMG_295,2048,1152,2,-1
10295,IMG_295_aug1.jpg,IMG_295,2048,1152,2,-1
296,IMG_296.jpg,IMG_296,2048,1152,2,-1
10296,IMG_296_aug1.jpg,IMG_296,2048,1152,2,-1
297,IMG_297.jpg,IMG_297,2048,1152,3,-1
10297,IMG_297_aug1.jpg,IMG_297,2048,1152,3,-1
298,IMG_298.jpg,IMG_298,2048,1152,2,-1
10298,IMG_298_aug1.jpg,IMG_298,2048,1152,2,-1
299,IMG_299.jpg,IMG_299,2048,1152,3,-1
10299,IMG_299_aug1.jpg,IMG_299,2048,1152,3,-1
300,IMG_300.jpg,IMG_300,2048,1152,3,-1
10300,IMG_300_aug1.jpg,IMG_300,2048,1152,3,-1
301,IMG_301.jpg,IMG_301,2048,1152,3,-1
10301,IMG_301_aug1.jpg,IMG_301,2048,1152,3,-1
302,IMG_302.jpg,IMG_302,2048,1152,3,-1
10302,IMG_302_aug1.jpg,IMG_302,2048,1152,3,-1
303,IMG_303.jpg,IMG_303,2048,1152,3,-1
10303,IMG_303_aug1.jpg,IMG_303,2048,1152,3,-1
304,IMG_304.jpg,IMG_304,2048,1152,2,-1
10304,IMG_304_aug1.jpg,IMG_304,2048,1152,2,-1
305,IMG_305.jpg,IMG_305,2048,1152,2,-1
10305,IMG_305_aug1.jpg,IMG_305,2048,1152,2,-1
306,IMG_306.jpg,IMG_306,2048,1152,1,-1
10306,IMG_306_aug1.jpg,IMG_306,2048,1152,1,-1
307,IMG_307.jpg,IMG_307,2048,1152,3,-1
10307,IMG_307_aug1.jpg,IMG_307,2048,1152,3,-1
308,IMG_308.jpg,IMG_308,2048,1152,1,-1
10308,IMG_308_aug1.jpg,IMG_308,2048,1152,1,-1
309,IMG_309.jpg,IMG_309,2048,1152,2,-1
10309,IMG_309_aug1.jpg,IMG_309,2048,1152,2,-1
312,IMG_312.jpg,IMG_312,2048,1152,2,-1
10312,IMG_312_aug1.jpg,IMG_312,2048,1152,2,-1
313,IMG_313.jpg,IMG_313,2048,1152,1,-1
10313,IMG_313_aug1.jpg,IMG_313,2048,1152,1,-1
314,IMG_314.jpg,IMG_314,2048,1152,3,-1
10314,IMG_314_aug1.jpg,IMG_314,2048,1152,3,-1
315,IMG_315.jpg,IMG_315,2048,1152,1,-1
10315,IMG_315_aug1.jpg,IMG_315,2048,1152,1,-1
316,IMG_316.jpg,IMG_316,2048,1152,1,-1
10316,IMG_316_aug1.jpg,IMG_316,2048,1152,1,-1
317,IMG_317.jpg,IMG_317,2048,1152,1,-1
10317,IMG_317_aug1.jpg,IMG_317,2048,1152,1,-1
318,IMG_318.jpg,IMG_318,2048,1152,3,-1
10318,IMG_318_aug1.jpg,IMG_318,2048,1152,3,-1
319,IMG_319.jpg,IMG_319,2048,1152,1,-1
10319,IMG_319_aug1.jpg,IMG_319,2048,1152,1,-1
320,IMG_320.jpg,IMG_320,2048,1152,3,-1
10320,IMG_320_aug1.jpg,IMG_320,2048,1152,3,-1
321,IMG_321.jpg,IMG_321,2048,1152,3,-1
10321,IMG_321_aug1.jpg,IMG_321,2048,1152,3,-1
323,IMG_323.jpg,IMG_323,2048,1152,2,-1
10323,IMG_323_aug1.jpg,IMG_323,2048,1152,2,-1
324,IMG_324.jpg,IMG_324,2048,1152,2,-1
10324,IMG_324_aug1.jpg,IMG_324,2048,1152,2,-1
325,IMG_325.jpg,IMG_325,2048,1152,2,-1
10325,IMG_325_aug1.jpg,IMG_325,2048,1152,2,-1
326,IMG_326.jpg,IMG_326,2048,1152,2,-1
10326,IMG_326_aug1.jpg,IMG_326,2048,1152,2,-1
327,IMG_327.jpg,IMG_327,2048,1152,3,-1
10327,IMG_327_aug1.jpg,IMG_327,2048,1152,3,-1
328,IMG_328.jpg,IMG_328,2048,1152,4,-1
10328,IMG_328_aug1.jpg,IMG_328,2048,1152,4,-1
329,IMG_329.jpg,IMG_329,2048,1152,4,-1
10329,IMG_329_aug1.jpg,IMG_329,2048,1152,4,-1
330,IMG_330.jpg,IMG_330,2048,1152,4,-1
10330,IMG_330_aug1.jpg,IMG_330,2048,1152,4,-1
331,IMG_331.jpg,IMG_331,2048,1152,4,-1
10331,IMG_331_aug1.jpg,IMG_331,2048,1152,4,-1
435,IMG_435.jpg,IMG_435,2048,1152,1,-1
10435,IMG_435_aug1.jpg,IMG_435,2048,1152,1,-1
436,IMG_436.jpg,IMG_436,2048,1152,1,-1
10436,IMG_436_aug1.jpg,IMG_436,2048,1152,1,-1
437,IMG_437.jpg,IMG_437,2048,1152,2,-1
10437,IMG_437_aug1.jpg,IMG_437,2048,1152,2,-1
438,IMG_438.jpg,IMG_438,2048,1152,2,-1
10438,IMG_438_aug1.jpg,IMG_438,2048,1152,2,-1
439,IMG_439.jpg,IMG_439,2048,1152,2,-1
10439,IMG_439_aug1.jpg,IMG_439,2048,1152,2,-1
440,IMG_440.jpg,IMG_440,2048,1152,1,-1
10440,IMG_440_aug1.jpg,IMG_440,2048,1152,1,-1
441,IMG_441.jpg,IMG_441,2048,1152,1,-1
10441,IMG_441_aug1.jpg,IMG_441,2048,1152,1,-1
442,IMG_442.jpg,IMG_442,2048,1152,1,-1
10442,IMG_442_aug1.jpg,IMG_442,2048,1152,1,-1
443,IMG_443.jpg,IMG_443,2048,1152,2,-1
10443,IMG_443_aug1.jpg,IMG_443,2048,1152,2,-1
444,IMG_444.jpg,IMG_444,2048,1152,2,-1
10444,IMG_444_aug1.jpg,IMG_444,2048,1152,2,-1
445,IMG_445.jpg,IMG_445,2048,1152,3,-1
10445,IMG_445_aug1.jpg,IMG_445,2048,1152,3,-1
446,IMG_446.jpg,IMG_446,2048,1152,1,-1
10446,IMG_446_aug1.jpg,IMG_446,2048,1152,1,-1
447,IMG_447.jpg,IMG_447,2048,1152,1,-1
10447,IMG_447_aug1.jpg,IMG_447,2048,1152,1,-1
448,IMG_448.jpg,IMG_448,2048,1152,1,-1
10448,IMG_448_aug1.jpg,IMG_448,2048,1152,1,-1
449,IMG_449.jpg,IMG_449,2048,1152,1,-1
10449,IMG_449_aug1.jpg,IMG_449,2048,1152,1,-1
450,IMG_450.jpg,IMG_450,2048,1152,1,-1
10450,IMG_450_aug1.jpg,IMG_450,2048,1152,1,-1
451,IMG_451.jpg,IMG_451,2048,1152,1,-1
10451,IMG_451_aug1.jpg,IMG_451,2048,1152,1,-1
452,IMG_452.jpg,IMG_452,2048,1152,1,-1
10452,IMG_452_aug1.jpg,IMG_452,2048,1152,1,-1
453,IMG_453.jpg,IMG_453,2048,1152,1,-1
10453,IMG_453_aug1.jpg,IMG_453,2048,1152,1,-1
454,IMG_454.jpg,IMG_454,2048,1152,2,-1
10454,IMG_454_aug1.jpg,IMG_454,2048,1152,2,-1
455,IMG_455.jpg,IMG_455,2048,1152,3,-1
10455,IMG_455_aug1.jpg,IMG_455,2048,1152,3,-1
456,IMG_456.jpg,IMG_456,2048,1152,2,-1
10456,IMG_456_aug1.jpg,IMG_456,2048,1152,2,-1
457,IMG_457.jpg,IMG_457,2048,1152,1,-1
10457,IMG_457_aug1.jpg,IMG_457,2048,1152,1,-1
