image_id,label
b001853,0
b001854,1
b001855,1
b001856,2
b001857,2
b001858,0
b001859,0
b001860,1
b001861,0
b001862,1
b001863,1
b001864,2
b001865,2
b001866,2
b001867,2
b001868,2
b001869,0
b001870,2
b001871,0
b001872,0
b001873,1
b001874,1
b001875,2
b001876,1
b001877,0
b001878,0
b001879,2
b001880,2
b001881,0
b001882,1
b001883,0
b001884,2
b001885,1
b001886,1
b001887,0
b001888,0
b001889,0
b001890,1
b001891,2
b001892,1
b001893,2
b001894,0
b001895,2
b001896,2
b001897,2
b001898,0
b001899,1
b001900,1
b001901,0
b001902,2
b001903,1
b001904,0
b001905,1
b001906,0
b001907,1
b001908,2
b001909,0
b001910,2
b001911,2
b001912,1
b001913,1
b001914,2
b001915,0
b001916,2
b001917,0
b001918,0
b001919,0
b001920,2
b001921,0
b001922,1
b001923,1
b001924,2
b001925,1
b001926,1
b001927,2
b001928,2
b001929,2
b001930,1
b001931,1
b001932,1
b001933,2
b001934,0
b001935,2
b001936,2
b001937,0
b001938,1
b001939,2
b001940,0
b001941,1
b001942,0
b001943,0
b001944,2
b001945,0
b001946,1
b001947,2
b001948,2
b001949,1
b001950,1
b001951,0
b001952,1
b001953,1
b001954,0
b001955,2
b001956,2
b001957,0
b001958,2
b001959,0
b001960,1
b001961,2
b001962,1
b001963,1
b001964,0
b001965,1
b001966,1
b001967,2
b001968,1
b001969,0
b001970,2
b001971,1
b001972,0
b001973,0
b001974,1
b001975,0
b001976,2
b001977,1
b001978,0
b001979,0
b001980,0
b001981,1
b001982,1
b001983,0
b001984,2
b001985,0
b001986,1
b001987,0
b001988,0
b001989,1
b001990,1
b001991,1
b001992,0
b001993,1
b001994,1
b001995,2
b001996,2
b001997,1
b001998,2
b001999,1
b002000,2
b002001,2
b002002,1
b002003,1
b002004,0
b002005,0
b002006,1
b002007,2
b002008,0
b002009,2
b002010,2
b002011,1
b002012,2
b002013,1
b002014,1
b002015,2
b002016,2
b002017,0
b002018,2
b002019,0
b002020,1
b002021,1
b002022,0
b002023,0
b002024,1
b002025,0
b002026,0
b002027,0
b002028,2
b002029,0
b002030,1
b002031,0
b002032,2
b002033,2
b002034,2
b002035,2
b002036,1
b002037,0
b002038,2
b002039,0
b002040,0
b002041,1
b002042,1
b002043,0
b002044,2
b002045,0
b002046,1
b002047,2
b002048,2
b002049,0
b002050,0
b002051,0
b002052,1
b002053,1
b002054,2
b002055,2
b002056,2
b002057,2
b002058,2
b002059,0
b002060,1
b002061,2
b002062,0
b002063,0
b002064,1
b002065,2
b002066,1
b002067,0
b002068,1
b002069,1
b002070,0
